investment_id,user_id,investment_type,amount_invested,current_value,roi_percentage,risk_level,start_date,year,month,holding_period_months,status
INV000001,U001,Mutual Fund SIP,5500.0,8229.8,10.09,medium,2020-01-05,2020,1,59,Active
INV000002,U001,PPF,1375.0,1903.71,7.82,medium,2020-01-05,2020,1,59,Active
INV000003,U001,Mutual Fund SIP,5500.0,8186.86,10.11,medium,2020-02-05,2020,2,58,Active
INV000004,U001,PPF,1375.0,1894.89,7.82,medium,2020-02-05,2020,2,58,Active
INV000005,U001,Mutual Fund SIP,5500.0,8212.96,10.38,medium,2020-03-05,2020,3,57,Active
INV000006,U001,PPF,1375.0,1867.53,7.54,medium,2020-03-05,2020,3,57,Active
INV000007,U001,Fixed Deposit,12375.0,16669.16,7.31,medium,2020-03-15,2020,3,57,Active
INV000008,U001,Stocks,8250.0,11877.5,9.26,medium,2020-03-15,2020,3,57,Active
INV000009,U001,Mutual Fund SIP,5500.0,8456.26,11.52,medium,2020-04-05,2020,4,56,Active
INV000010,U001,PPF,1375.0,1898.8,8.16,medium,2020-04-05,2020,4,56,Active
INV000011,U001,Mutual Fund SIP,5500.0,8184.4,10.65,medium,2020-05-05,2020,5,55,Active
INV000012,U001,PPF,1375.0,1817.64,7.02,medium,2020-05-05,2020,5,55,Active
INV000013,U001,Mutual Fund SIP,5500.0,7742.09,9.06,medium,2020-06-05,2020,6,54,Active
INV000014,U001,PPF,1375.0,1877.17,8.12,medium,2020-06-05,2020,6,54,Active
INV000015,U001,Fixed Deposit,12375.0,16727.43,7.82,medium,2020-06-15,2020,6,54,Active
INV000016,U001,Stocks,8250.0,11541.2,8.87,medium,2020-06-15,2020,6,54,Active
INV000017,U001,Mutual Fund SIP,5500.0,7549.04,8.44,medium,2020-07-05,2020,7,53,Active
INV000018,U001,PPF,1375.0,1820.17,7.33,medium,2020-07-05,2020,7,53,Active
INV000019,U001,Mutual Fund SIP,5500.0,7467.33,8.25,medium,2020-08-05,2020,8,52,Active
INV000020,U001,PPF,1375.0,1894.55,8.72,medium,2020-08-05,2020,8,52,Active
INV000021,U001,Mutual Fund SIP,5500.0,7457.27,8.37,medium,2020-09-05,2020,9,51,Active
INV000022,U001,PPF,1375.0,1847.08,8.08,medium,2020-09-05,2020,9,51,Active
INV000023,U001,Fixed Deposit,12375.0,16169.24,7.21,medium,2020-09-15,2020,9,51,Active
INV000024,U001,Stocks,8250.0,11358.18,8.86,medium,2020-09-15,2020,9,51,Active
INV000025,U001,Mutual Fund SIP,5500.0,7349.1,8.07,medium,2020-10-05,2020,10,50,Active
INV000026,U001,PPF,1375.0,1829.64,7.94,medium,2020-10-05,2020,10,50,Active
INV000027,U001,Mutual Fund SIP,5500.0,7802.9,10.25,medium,2020-11-05,2020,11,49,Active
INV000028,U001,PPF,1375.0,1773.56,7.1,medium,2020-11-05,2020,11,49,Active
INV000029,U001,Mutual Fund SIP,5500.0,7540.84,9.28,medium,2020-12-05,2020,12,48,Active
INV000030,U001,PPF,1375.0,1813.58,7.97,medium,2020-12-05,2020,12,48,Active
INV000031,U001,Fixed Deposit,12375.0,15477.57,6.27,medium,2020-12-15,2020,12,48,Active
INV000032,U001,Stocks,8250.0,11304.96,9.26,medium,2020-12-15,2020,12,48,Active
INV000033,U001,Mutual Fund SIP,5500.0,7361.27,8.64,medium,2021-01-05,2021,1,47,Active
INV000034,U001,PPF,1375.0,1855.85,8.93,medium,2021-01-05,2021,1,47,Active
INV000035,U001,Mutual Fund SIP,5500.0,7357.15,8.81,medium,2021-02-05,2021,2,46,Active
INV000036,U001,PPF,1375.0,1758.53,7.28,medium,2021-02-05,2021,2,46,Active
INV000037,U001,Mutual Fund SIP,5500.0,7694.83,10.64,medium,2021-03-05,2021,3,45,Active
INV000038,U001,PPF,1375.0,1746.29,7.2,medium,2021-03-05,2021,3,45,Active
INV000039,U001,Fixed Deposit,12375.0,15848.23,7.48,medium,2021-03-15,2021,3,45,Active
INV000040,U001,Stocks,8250.0,11217.52,9.59,medium,2021-03-15,2021,3,45,Active
INV000041,U001,Mutual Fund SIP,5500.0,7843.7,11.62,medium,2021-04-05,2021,4,44,Active
INV000042,U001,PPF,1375.0,1745.57,7.35,medium,2021-04-05,2021,4,44,Active
INV000043,U001,Mutual Fund SIP,5500.0,7179.19,8.52,medium,2021-05-05,2021,5,43,Active
INV000044,U001,PPF,1375.0,1720.95,7.02,medium,2021-05-05,2021,5,43,Active
INV000045,U001,Mutual Fund SIP,5500.0,7537.03,10.58,medium,2021-06-05,2021,6,42,Active
INV000046,U001,PPF,1375.0,1808.06,9.0,medium,2021-06-05,2021,6,42,Active
INV000047,U001,Fixed Deposit,12375.0,15187.09,6.49,medium,2021-06-15,2021,6,42,Active
INV000048,U001,Stocks,8250.0,11038.27,9.66,medium,2021-06-15,2021,6,42,Active
INV000049,U001,Mutual Fund SIP,5500.0,7098.98,8.51,medium,2021-07-05,2021,7,41,Active
INV000050,U001,PPF,1375.0,1790.35,8.84,medium,2021-07-05,2021,7,41,Active
INV000051,U001,Mutual Fund SIP,5500.0,7461.97,10.7,medium,2021-08-05,2021,8,40,Active
INV000052,U001,PPF,1375.0,1770.85,8.64,medium,2021-08-05,2021,8,40,Active
INV000053,U001,Mutual Fund SIP,5500.0,7363.82,10.43,medium,2021-09-05,2021,9,39,Active
INV000054,U001,PPF,1375.0,1700.14,7.28,medium,2021-09-05,2021,9,39,Active
INV000055,U001,Fixed Deposit,12375.0,15527.17,7.84,medium,2021-09-15,2021,9,39,Active
INV000056,U001,Stocks,8250.0,11304.69,11.39,medium,2021-09-15,2021,9,39,Active
INV000057,U001,Mutual Fund SIP,5500.0,6940.3,8.27,medium,2021-10-05,2021,10,38,Active
INV000058,U001,PPF,1375.0,1702.19,7.51,medium,2021-10-05,2021,10,38,Active
INV000059,U001,Mutual Fund SIP,5500.0,7292.76,10.57,medium,2021-11-05,2021,11,37,Active
INV000060,U001,PPF,1375.0,1676.88,7.12,medium,2021-11-05,2021,11,37,Active
INV000061,U001,Mutual Fund SIP,5500.0,7166.36,10.1,medium,2021-12-05,2021,12,36,Active
INV000062,U001,PPF,1375.0,1675.2,7.28,medium,2021-12-05,2021,12,36,Active
INV000063,U001,Fixed Deposit,12375.0,15187.09,7.57,medium,2021-12-15,2021,12,36,Active
INV000064,U001,Stocks,8250.0,10512.31,9.14,medium,2021-12-15,2021,12,36,Active
INV000065,U001,Mutual Fund SIP,5500.0,6896.18,8.7,medium,2022-01-05,2022,1,35,Active
INV000066,U001,PPF,1375.0,1677.0,7.53,medium,2022-01-05,2022,1,35,Active
INV000067,U001,Mutual Fund SIP,5500.0,6809.87,8.41,medium,2022-02-05,2022,2,34,Active
INV000068,U001,PPF,1375.0,1717.54,8.79,medium,2022-02-05,2022,2,34,Active
INV000069,U001,Mutual Fund SIP,5500.0,7257.9,11.62,medium,2022-03-05,2022,3,33,Active
INV000070,U001,PPF,1375.0,1710.7,8.88,medium,2022-03-05,2022,3,33,Active
INV000071,U001,Fixed Deposit,12375.0,14803.62,7.14,medium,2022-03-15,2022,3,33,Active
INV000072,U001,Stocks,8250.0,10688.55,10.75,medium,2022-03-15,2022,3,33,Active
INV000073,U001,Mutual Fund SIP,5500.0,7147.33,11.23,medium,2022-04-05,2022,4,32,Active
INV000074,U001,PPF,1375.0,1664.48,7.89,medium,2022-04-05,2022,4,32,Active
INV000075,U001,Mutual Fund SIP,5500.0,6716.79,8.56,medium,2022-05-05,2022,5,31,Active
INV000076,U001,PPF,1375.0,1638.7,7.42,medium,2022-05-05,2022,5,31,Active
INV000077,U001,Mutual Fund SIP,5500.0,6721.46,8.88,medium,2022-06-05,2022,6,30,Active
INV000078,U001,PPF,1375.0,1616.01,7.01,medium,2022-06-05,2022,6,30,Active
INV000079,U001,Fixed Deposit,12375.0,14719.17,7.58,medium,2022-06-15,2022,6,30,Active
INV000080,U001,Stocks,8250.0,9966.27,8.32,medium,2022-06-15,2022,6,30,Active
INV000081,U001,Mutual Fund SIP,5500.0,6901.23,10.54,medium,2022-07-05,2022,7,29,Active
INV000082,U001,PPF,1375.0,1621.18,7.41,medium,2022-07-05,2022,7,29,Active
INV000083,U001,Mutual Fund SIP,5500.0,6775.82,9.94,medium,2022-08-05,2022,8,28,Active
INV000084,U001,PPF,1375.0,1615.17,7.49,medium,2022-08-05,2022,8,28,Active
INV000085,U001,Mutual Fund SIP,5500.0,6914.06,11.43,medium,2022-09-05,2022,9,27,Active
INV000086,U001,PPF,1375.0,1601.76,7.33,medium,2022-09-05,2022,9,27,Active
INV000087,U001,Fixed Deposit,12375.0,14249.6,6.73,medium,2022-09-15,2022,9,27,Active
INV000088,U001,Stocks,8250.0,10463.32,11.92,medium,2022-09-15,2022,9,27,Active
INV000089,U001,Mutual Fund SIP,5500.0,6630.39,9.49,medium,2022-10-05,2022,10,26,Active
INV000090,U001,PPF,1375.0,1633.69,8.68,medium,2022-10-05,2022,10,26,Active
INV000091,U001,Mutual Fund SIP,5500.0,6519.26,8.9,medium,2022-11-05,2022,11,25,Active
INV000092,U001,PPF,1375.0,1607.64,8.12,medium,2022-11-05,2022,11,25,Active
INV000093,U001,Mutual Fund SIP,5500.0,6629.03,10.26,medium,2022-12-05,2022,12,24,Active
INV000094,U001,PPF,1375.0,1589.85,7.81,medium,2022-12-05,2022,12,24,Active
INV000095,U001,Fixed Deposit,12375.0,14272.35,7.67,medium,2022-12-15,2022,12,24,Active
INV000096,U001,Stocks,8250.0,10133.68,11.42,medium,2022-12-15,2022,12,24,Active
INV000097,U001,Mutual Fund SIP,5500.0,6651.78,10.93,medium,2023-01-05,2023,1,23,Active
INV000098,U001,PPF,1375.0,1602.48,8.63,medium,2023-01-05,2023,1,23,Active
INV000099,U001,Mutual Fund SIP,5500.0,6561.82,10.53,medium,2023-02-05,2023,2,22,Active
INV000100,U001,PPF,1375.0,1586.73,8.4,medium,2023-02-05,2023,2,22,Active
INV000101,U001,Mutual Fund SIP,5500.0,6555.69,10.97,medium,2023-03-05,2023,3,21,Active
INV000102,U001,PPF,1375.0,1551.84,7.35,medium,2023-03-05,2023,3,21,Active
INV000103,U001,Fixed Deposit,12375.0,13833.53,6.73,medium,2023-03-15,2023,3,21,Active
INV000104,U001,Stocks,8250.0,9519.35,8.79,medium,2023-03-15,2023,3,21,Active
INV000105,U001,Mutual Fund SIP,5500.0,6237.19,8.04,medium,2023-04-05,2023,4,20,Active
INV000106,U001,PPF,1375.0,1560.48,8.09,medium,2023-04-05,2023,4,20,Active
INV000107,U001,Mutual Fund SIP,5500.0,6485.44,11.32,medium,2023-05-05,2023,5,19,Active
INV000108,U001,PPF,1375.0,1537.97,7.49,medium,2023-05-05,2023,5,19,Active
INV000109,U001,Mutual Fund SIP,5500.0,6338.17,10.16,medium,2023-06-05,2023,6,18,Active
INV000110,U001,PPF,1375.0,1544.52,8.22,medium,2023-06-05,2023,6,18,Active
INV000111,U001,Fixed Deposit,12375.0,13742.12,7.36,medium,2023-06-15,2023,6,18,Active
INV000112,U001,Stocks,8250.0,9368.63,9.04,medium,2023-06-15,2023,6,18,Active
INV000113,U001,Mutual Fund SIP,5500.0,6221.92,9.27,medium,2023-07-05,2023,7,17,Active
INV000114,U001,PPF,1375.0,1532.56,8.09,medium,2023-07-05,2023,7,17,Active
INV000115,U001,Mutual Fund SIP,5500.0,6215.51,9.76,medium,2023-08-05,2023,8,16,Active
INV000116,U001,PPF,1375.0,1521.37,7.98,medium,2023-08-05,2023,8,16,Active
INV000117,U001,Mutual Fund SIP,5500.0,6318.77,11.91,medium,2023-09-05,2023,9,15,Active
INV000118,U001,PPF,1375.0,1498.98,7.21,medium,2023-09-05,2023,9,15,Active
INV000119,U001,Fixed Deposit,12375.0,13548.67,7.59,medium,2023-09-15,2023,9,15,Active
INV000120,U001,Stocks,8250.0,9178.72,9.01,medium,2023-09-15,2023,9,15,Active
INV000121,U001,Mutual Fund SIP,5500.0,6153.08,10.18,medium,2023-10-05,2023,10,14,Active
INV000122,U001,PPF,1375.0,1506.86,8.22,medium,2023-10-05,2023,10,14,Active
INV000123,U001,Mutual Fund SIP,5500.0,6156.9,11.02,medium,2023-11-05,2023,11,13,Active
INV000124,U001,PPF,1375.0,1496.57,8.16,medium,2023-11-05,2023,11,13,Active
INV000125,U001,Mutual Fund SIP,5500.0,6004.66,9.18,medium,2023-12-05,2023,12,12,Active
INV000126,U001,PPF,1375.0,1484.75,7.98,medium,2023-12-05,2023,12,12,Active
INV000127,U001,Fixed Deposit,12375.0,13275.84,7.28,medium,2023-12-15,2023,12,12,Active
INV000128,U001,Stocks,8250.0,9198.76,11.5,medium,2023-12-15,2023,12,12,Active
INV000129,U001,Mutual Fund SIP,5500.0,6064.14,11.19,medium,2024-01-05,2024,1,11,Active
INV000130,U001,PPF,1375.0,1468.23,7.4,medium,2024-01-05,2024,1,11,Active
INV000131,U001,Mutual Fund SIP,5500.0,5974.99,10.36,medium,2024-02-05,2024,2,10,Active
INV000132,U001,PPF,1375.0,1459.68,7.39,medium,2024-02-05,2024,2,10,Active
INV000133,U001,Mutual Fund SIP,5500.0,5937.1,10.6,medium,2024-03-05,2024,3,9,Active
INV000134,U001,PPF,1375.0,1454.14,7.67,medium,2024-03-05,2024,3,9,Active
INV000135,U001,Fixed Deposit,12375.0,13102.93,7.84,medium,2024-03-15,2024,3,9,Active
INV000136,U001,Stocks,8250.0,8921.82,10.86,medium,2024-03-15,2024,3,9,Active
INV000137,U001,Mutual Fund SIP,5500.0,5873.93,10.2,medium,2024-04-05,2024,4,8,Active
INV000138,U001,PPF,1375.0,1451.31,8.32,medium,2024-04-05,2024,4,8,Active
INV000139,U001,Mutual Fund SIP,5500.0,5855.48,11.08,medium,2024-05-05,2024,5,7,Active
INV000140,U001,PPF,1375.0,1434.99,7.48,medium,2024-05-05,2024,5,7,Active
INV000141,U001,Mutual Fund SIP,5500.0,5750.33,9.1,medium,2024-06-05,2024,6,6,Active
INV000142,U001,PPF,1375.0,1429.53,7.93,medium,2024-06-05,2024,6,6,Active
INV000143,U001,Fixed Deposit,12375.0,12752.97,6.11,medium,2024-06-15,2024,6,6,Active
INV000144,U001,Stocks,8250.0,8654.16,9.8,medium,2024-06-15,2024,6,6,Active
INV000145,U001,Mutual Fund SIP,5500.0,5715.19,9.39,medium,2024-07-05,2024,7,5,Active
INV000146,U001,PPF,1375.0,1420.33,7.91,medium,2024-07-05,2024,7,5,Active
INV000147,U001,Mutual Fund SIP,5500.0,5667.02,9.11,medium,2024-08-05,2024,8,4,Active
INV000148,U001,PPF,1375.0,1407.59,7.11,medium,2024-08-05,2024,8,4,Active
INV000149,U001,Mutual Fund SIP,5500.0,5618.13,8.59,medium,2024-09-05,2024,9,3,Active
INV000150,U001,PPF,1375.0,1402.91,8.12,medium,2024-09-05,2024,9,3,Active
INV000151,U001,Fixed Deposit,12375.0,12575.44,6.48,medium,2024-09-15,2024,9,3,Matured
INV000152,U001,Stocks,8250.0,8423.69,8.42,medium,2024-09-15,2024,9,3,Matured
INV000153,U001,Mutual Fund SIP,5500.0,5574.36,8.11,medium,2024-10-05,2024,10,2,Active
INV000154,U001,PPF,1375.0,1393.31,7.99,medium,2024-10-05,2024,10,2,Active
INV000155,U001,Mutual Fund SIP,5500.0,5543.25,9.44,medium,2024-11-05,2024,11,1,Active
INV000156,U001,PPF,1375.0,1383.75,7.63,medium,2024-11-05,2024,11,1,Active
INV000157,U001,Mutual Fund SIP,5500.0,5500.0,9.88,medium,2024-12-05,2024,12,0,Active
INV000158,U001,PPF,1375.0,1375.0,7.92,medium,2024-12-05,2024,12,0,Active
INV000159,U001,Fixed Deposit,12375.0,12375.0,7.87,medium,2024-12-15,2024,12,0,Matured
INV000160,U001,Stocks,8250.0,8250.0,11.63,medium,2024-12-15,2024,12,0,Matured
INV000161,U002,PPF,2160.0,3029.83,8.19,low,2020-01-05,2020,1,59,Active
INV000162,U002,PPF,2160.0,2929.78,7.37,low,2020-02-05,2020,2,58,Active
INV000163,U002,PPF,2160.0,2906.55,7.28,low,2020-03-05,2020,3,57,Active
INV000164,U002,Fixed Deposit,10800.0,14070.7,6.38,low,2020-03-15,2020,3,57,Active
INV000165,U002,Gold ETF,4320.0,6241.76,9.37,low,2020-03-15,2020,3,57,Active
INV000166,U002,PPF,2160.0,2918.94,7.53,low,2020-04-05,2020,4,56,Active
INV000167,U002,PPF,2160.0,2990.44,8.39,low,2020-05-05,2020,5,55,Active
INV000168,U002,PPF,2160.0,2950.73,8.14,low,2020-06-05,2020,6,54,Active
INV000169,U002,Fixed Deposit,10800.0,13847.28,6.27,low,2020-06-15,2020,6,54,Active
INV000170,U002,Gold ETF,4320.0,6140.23,9.36,low,2020-06-15,2020,6,54,Active
INV000171,U002,PPF,2160.0,2956.58,8.35,low,2020-07-05,2020,7,53,Active
INV000172,U002,PPF,2160.0,2959.68,8.54,low,2020-08-05,2020,8,52,Active
INV000173,U002,PPF,2160.0,2827.19,7.27,low,2020-09-05,2020,9,51,Active
INV000174,U002,Fixed Deposit,10800.0,14405.43,7.85,low,2020-09-15,2020,9,51,Active
INV000175,U002,Gold ETF,4320.0,5855.72,8.36,low,2020-09-15,2020,9,51,Active
INV000176,U002,PPF,2160.0,2802.96,7.14,low,2020-10-05,2020,10,50,Active
INV000177,U002,PPF,2160.0,2851.02,7.83,low,2020-11-05,2020,11,49,Active
INV000178,U002,PPF,2160.0,2840.35,7.87,low,2020-12-05,2020,12,48,Active
INV000179,U002,Fixed Deposit,10800.0,14156.2,7.77,low,2020-12-15,2020,12,48,Active
INV000180,U002,Gold ETF,4320.0,5729.94,8.16,low,2020-12-15,2020,12,48,Active
INV000181,U002,PPF,2160.0,2816.56,7.76,low,2021-01-05,2021,1,47,Active
INV000182,U002,PPF,2160.0,2740.53,7.01,low,2021-02-05,2021,2,46,Active
INV000183,U002,PPF,2160.0,2790.76,7.79,low,2021-03-05,2021,3,45,Active
INV000184,U002,Fixed Deposit,10800.0,13883.45,7.61,low,2021-03-15,2021,3,45,Active
INV000185,U002,Gold ETF,4320.0,5735.98,8.74,low,2021-03-15,2021,3,45,Active
INV000186,U002,PPF,2160.0,2831.85,8.48,low,2021-04-05,2021,4,44,Active
INV000187,U002,PPF,2160.0,2776.72,7.97,low,2021-05-05,2021,5,43,Active
INV000188,U002,PPF,2160.0,2761.15,7.95,low,2021-06-05,2021,6,42,Active
INV000189,U002,Fixed Deposit,10800.0,13206.88,6.37,low,2021-06-15,2021,6,42,Active
INV000190,U002,Gold ETF,4320.0,6015.91,11.22,low,2021-06-15,2021,6,42,Active
INV000191,U002,PPF,2160.0,2823.97,9.0,low,2021-07-05,2021,7,41,Active
INV000192,U002,PPF,2160.0,2793.76,8.8,low,2021-08-05,2021,8,40,Active
INV000193,U002,PPF,2160.0,2663.7,7.18,low,2021-09-05,2021,9,39,Active
INV000194,U002,Fixed Deposit,10800.0,13402.93,7.42,low,2021-09-15,2021,9,39,Active
INV000195,U002,Gold ETF,4320.0,5489.42,8.33,low,2021-09-15,2021,9,39,Active
INV000196,U002,PPF,2160.0,2651.79,7.19,low,2021-10-05,2021,10,38,Active
INV000197,U002,PPF,2160.0,2745.41,8.79,low,2021-11-05,2021,11,37,Active
INV000198,U002,PPF,2160.0,2643.9,7.47,low,2021-12-05,2021,12,36,Active
INV000199,U002,Fixed Deposit,10800.0,12962.73,6.68,low,2021-12-15,2021,12,36,Active
INV000200,U002,Gold ETF,4320.0,5377.77,8.16,low,2021-12-15,2021,12,36,Active
INV000201,U002,PPF,2160.0,2693.42,8.47,low,2022-01-05,2022,1,35,Active
INV000202,U002,PPF,2160.0,2680.7,8.51,low,2022-02-05,2022,2,34,Active
INV000203,U002,PPF,2160.0,2585.71,7.17,low,2022-03-05,2022,3,33,Active
INV000204,U002,Fixed Deposit,10800.0,13105.93,7.76,low,2022-03-15,2022,3,33,Active
INV000205,U002,Gold ETF,4320.0,5570.89,10.53,low,2022-03-15,2022,3,33,Active
INV000206,U002,PPF,2160.0,2575.67,7.22,low,2022-04-05,2022,4,32,Active
INV000207,U002,PPF,2160.0,2592.61,7.75,low,2022-05-05,2022,5,31,Active
INV000208,U002,PPF,2160.0,2583.89,7.85,low,2022-06-05,2022,6,30,Active
INV000209,U002,Fixed Deposit,10800.0,12691.88,7.01,low,2022-06-15,2022,6,30,Active
INV000210,U002,Gold ETF,4320.0,5232.61,8.45,low,2022-06-15,2022,6,30,Active
INV000211,U002,PPF,2160.0,2627.9,8.96,low,2022-07-05,2022,7,29,Active
INV000212,U002,PPF,2160.0,2605.6,8.84,low,2022-08-05,2022,8,28,Active
INV000213,U002,PPF,2160.0,2514.18,7.29,low,2022-09-05,2022,9,27,Active
INV000214,U002,Fixed Deposit,10800.0,12336.81,6.32,low,2022-09-15,2022,9,27,Active
INV000215,U002,Gold ETF,4320.0,5452.17,11.65,low,2022-09-15,2022,9,27,Active
INV000216,U002,PPF,2160.0,2532.19,7.95,low,2022-10-05,2022,10,26,Active
INV000217,U002,PPF,2160.0,2546.4,8.59,low,2022-11-05,2022,11,25,Active
INV000218,U002,PPF,2160.0,2526.97,8.49,low,2022-12-05,2022,12,24,Active
INV000219,U002,Fixed Deposit,10800.0,12515.18,7.94,low,2022-12-15,2022,12,24,Active
INV000220,U002,Gold ETF,4320.0,5228.91,10.52,low,2022-12-15,2022,12,24,Active
INV000221,U002,PPF,2160.0,2529.87,8.93,low,2023-01-05,2023,1,23,Active
INV000222,U002,PPF,2160.0,2455.42,7.46,low,2023-02-05,2023,2,22,Active
INV000223,U002,PPF,2160.0,2439.72,7.4,low,2023-03-05,2023,3,21,Active
INV000224,U002,Fixed Deposit,10800.0,12166.94,7.23,low,2023-03-15,2023,3,21,Active
INV000225,U002,Gold ETF,4320.0,5110.6,10.46,low,2023-03-15,2023,3,21,Active
INV000226,U002,PPF,2160.0,2472.22,8.67,low,2023-04-05,2023,4,20,Active
INV000227,U002,PPF,2160.0,2438.25,8.14,low,2023-05-05,2023,5,19,Active
INV000228,U002,PPF,2160.0,2446.26,8.84,low,2023-06-05,2023,6,18,Active
INV000229,U002,Fixed Deposit,10800.0,12043.64,7.68,low,2023-06-15,2023,6,18,Active
INV000230,U002,Gold ETF,4320.0,4857.25,8.29,low,2023-06-15,2023,6,18,Active
INV000231,U002,PPF,2160.0,2381.55,7.24,low,2023-07-05,2023,7,17,Active
INV000232,U002,PPF,2160.0,2402.52,8.42,low,2023-08-05,2023,8,16,Active
INV000233,U002,PPF,2160.0,2356.08,7.26,low,2023-09-05,2023,9,15,Active
INV000234,U002,Fixed Deposit,10800.0,11657.79,6.35,low,2023-09-15,2023,9,15,Active
INV000235,U002,Gold ETF,4320.0,4814.21,9.15,low,2023-09-15,2023,9,15,Active
INV000236,U002,PPF,2160.0,2382.06,8.81,low,2023-10-05,2023,10,14,Active
INV000237,U002,PPF,2160.0,2361.12,8.59,low,2023-11-05,2023,11,13,Active
INV000238,U002,PPF,2160.0,2325.48,7.66,low,2023-12-05,2023,12,12,Active
INV000239,U002,Fixed Deposit,10800.0,11459.54,6.11,low,2023-12-15,2023,12,12,Active
INV000240,U002,Gold ETF,4320.0,4789.35,10.86,low,2023-12-15,2023,12,12,Active
INV000241,U002,PPF,2160.0,2311.81,7.67,low,2024-01-05,2024,1,11,Active
INV000242,U002,PPF,2160.0,2318.5,8.81,low,2024-02-05,2024,2,10,Active
INV000243,U002,PPF,2160.0,2283.03,7.59,low,2024-03-05,2024,3,9,Active
INV000244,U002,Fixed Deposit,10800.0,11391.12,7.3,low,2024-03-15,2024,3,9,Active
INV000245,U002,Gold ETF,4320.0,4677.24,11.03,low,2024-03-15,2024,3,9,Active
INV000246,U002,PPF,2160.0,2262.57,7.12,low,2024-04-05,2024,4,8,Active
INV000247,U002,PPF,2160.0,2264.85,8.32,low,2024-05-05,2024,5,7,Active
INV000248,U002,PPF,2160.0,2236.58,7.09,low,2024-06-05,2024,6,6,Active
INV000249,U002,Fixed Deposit,10800.0,11195.44,7.32,low,2024-06-15,2024,6,6,Active
INV000250,U002,Gold ETF,4320.0,4530.17,9.73,low,2024-06-15,2024,6,6,Active
INV000251,U002,PPF,2160.0,2223.5,7.06,low,2024-07-05,2024,7,5,Active
INV000252,U002,PPF,2160.0,2219.53,8.27,low,2024-08-05,2024,8,4,Active
INV000253,U002,PPF,2160.0,2202.76,7.92,low,2024-09-05,2024,9,3,Active
INV000254,U002,Fixed Deposit,10800.0,10985.47,6.87,low,2024-09-15,2024,9,3,Matured
INV000255,U002,Gold ETF,4320.0,4423.32,9.57,low,2024-09-15,2024,9,3,Matured
INV000256,U002,PPF,2160.0,2186.01,7.22,low,2024-10-05,2024,10,2,Active
INV000257,U002,PPF,2160.0,2176.19,9.0,low,2024-11-05,2024,11,1,Active
INV000258,U002,PPF,2160.0,2160.0,7.33,low,2024-12-05,2024,12,0,Active
INV000259,U002,Fixed Deposit,10800.0,10800.0,7.27,low,2024-12-15,2024,12,0,Matured
INV000260,U002,Gold ETF,4320.0,4320.0,8.28,low,2024-12-15,2024,12,0,Matured
INV000261,U003,Mutual Fund SIP,7560.0,11704.21,11.15,high,2020-01-05,2020,1,59,Active
INV000262,U003,Mutual Fund SIP,7560.0,12839.44,14.45,high,2020-02-05,2020,2,58,Active
INV000263,U003,Mutual Fund SIP,7560.0,11878.3,12.03,high,2020-03-05,2020,3,57,Active
INV000264,U003,Stocks,30240.0,50559.92,14.15,high,2020-03-15,2020,3,57,Active
INV000265,U003,Gold ETF,15120.0,22823.11,10.73,high,2020-03-15,2020,3,57,Active
INV000266,U003,Fixed Deposit,7560.0,9956.98,6.67,high,2020-03-15,2020,3,57,Active
INV000267,U003,Mutual Fund SIP,7560.0,12109.45,12.9,high,2020-04-05,2020,4,56,Active
INV000268,U003,Mutual Fund SIP,7560.0,11896.99,12.52,high,2020-05-05,2020,5,55,Active
INV000269,U003,Mutual Fund SIP,7560.0,11161.09,10.59,high,2020-06-05,2020,6,54,Active
INV000270,U003,Stocks,30240.0,50525.8,14.91,high,2020-06-15,2020,6,54,Active
INV000271,U003,Gold ETF,15120.0,20768.35,8.3,high,2020-06-15,2020,6,54,Active
INV000272,U003,Fixed Deposit,7560.0,9669.94,6.2,high,2020-06-15,2020,6,54,Active
INV000273,U003,Mutual Fund SIP,7560.0,10972.53,10.22,high,2020-07-05,2020,7,53,Active
INV000274,U003,Mutual Fund SIP,7560.0,11442.62,11.85,high,2020-08-05,2020,8,52,Active
INV000275,U003,Mutual Fund SIP,7560.0,11969.3,13.72,high,2020-09-05,2020,9,51,Active
INV000276,U003,Stocks,30240.0,48341.44,14.08,high,2020-09-15,2020,9,51,Active
INV000277,U003,Gold ETF,15120.0,20892.37,8.98,high,2020-09-15,2020,9,51,Active
INV000278,U003,Fixed Deposit,7560.0,9760.49,6.85,high,2020-09-15,2020,9,51,Active
INV000279,U003,Mutual Fund SIP,7560.0,10935.51,10.72,high,2020-10-05,2020,10,50,Active
INV000280,U003,Mutual Fund SIP,7560.0,11738.62,13.54,high,2020-11-05,2020,11,49,Active
INV000281,U003,Mutual Fund SIP,7560.0,11964.01,14.56,high,2020-12-05,2020,12,48,Active
INV000282,U003,Stocks,30240.0,49448.58,15.88,high,2020-12-15,2020,12,48,Active
INV000283,U003,Gold ETF,15120.0,21271.56,10.17,high,2020-12-15,2020,12,48,Active
INV000284,U003,Fixed Deposit,7560.0,9385.1,6.04,high,2020-12-15,2020,12,48,Active
INV000285,U003,Mutual Fund SIP,7560.0,11434.69,13.09,high,2021-01-05,2021,1,47,Active
INV000286,U003,Mutual Fund SIP,7560.0,10890.78,11.49,high,2021-02-05,2021,2,46,Active
INV000287,U003,Mutual Fund SIP,7560.0,11314.52,13.24,high,2021-03-05,2021,3,45,Active
INV000288,U003,Stocks,30240.0,47830.47,15.51,high,2021-03-15,2021,3,45,Active
INV000289,U003,Gold ETF,15120.0,21610.94,11.45,high,2021-03-15,2021,3,45,Active
INV000290,U003,Fixed Deposit,7560.0,9659.06,7.4,high,2021-03-15,2021,3,45,Active
INV000291,U003,Mutual Fund SIP,7560.0,10471.99,10.51,high,2021-04-05,2021,4,44,Active
INV000292,U003,Mutual Fund SIP,7560.0,10386.9,10.44,high,2021-05-05,2021,5,43,Active
INV000293,U003,Mutual Fund SIP,7560.0,10208.26,10.01,high,2021-06-05,2021,6,42,Active
INV000294,U003,Stocks,30240.0,47906.05,16.69,high,2021-06-15,2021,6,42,Active
INV000295,U003,Gold ETF,15120.0,19366.44,8.02,high,2021-06-15,2021,6,42,Active
INV000296,U003,Fixed Deposit,7560.0,9155.36,6.03,high,2021-06-15,2021,6,42,Active
INV000297,U003,Mutual Fund SIP,7560.0,10351.28,10.81,high,2021-07-05,2021,7,41,Active
INV000298,U003,Mutual Fund SIP,7560.0,10548.52,11.86,high,2021-08-05,2021,8,40,Active
INV000299,U003,Mutual Fund SIP,7560.0,10980.33,13.92,high,2021-09-05,2021,9,39,Active
INV000300,U003,Stocks,30240.0,46088.13,16.13,high,2021-09-15,2021,9,39,Active
INV000301,U003,Gold ETF,15120.0,20914.22,11.79,high,2021-09-15,2021,9,39,Active
INV000302,U003,Fixed Deposit,7560.0,9174.39,6.57,high,2021-09-15,2021,9,39,Active
INV000303,U003,Mutual Fund SIP,7560.0,9992.19,10.16,high,2021-10-05,2021,10,38,Active
INV000304,U003,Mutual Fund SIP,7560.0,10827.99,14.02,high,2021-11-05,2021,11,37,Active
INV000305,U003,Mutual Fund SIP,7560.0,9871.67,10.19,high,2021-12-05,2021,12,36,Active
INV000306,U003,Stocks,30240.0,44225.21,15.42,high,2021-12-15,2021,12,36,Active
INV000307,U003,Gold ETF,15120.0,18867.92,8.26,high,2021-12-15,2021,12,36,Active
INV000308,U003,Fixed Deposit,7560.0,9342.15,7.86,high,2021-12-15,2021,12,36,Active
INV000309,U003,Mutual Fund SIP,7560.0,9891.1,10.57,high,2022-01-05,2022,1,35,Active
INV000310,U003,Mutual Fund SIP,7560.0,9980.72,11.3,high,2022-02-05,2022,2,34,Active
INV000311,U003,Mutual Fund SIP,7560.0,10544.09,14.35,high,2022-03-05,2022,3,33,Active
INV000312,U003,Stocks,30240.0,45177.64,17.96,high,2022-03-15,2022,3,33,Active
INV000313,U003,Gold ETF,15120.0,19106.47,9.59,high,2022-03-15,2022,3,33,Active
INV000314,U003,Fixed Deposit,7560.0,9132.83,7.57,high,2022-03-15,2022,3,33,Active
INV000315,U003,Mutual Fund SIP,7560.0,10283.27,13.51,high,2022-04-05,2022,4,32,Active
INV000316,U003,Mutual Fund SIP,7560.0,10347.24,14.27,high,2022-05-05,2022,5,31,Active
INV000317,U003,Mutual Fund SIP,7560.0,10087.18,13.37,high,2022-06-05,2022,6,30,Active
INV000318,U003,Stocks,30240.0,43370.99,17.37,high,2022-06-15,2022,6,30,Active
INV000319,U003,Gold ETF,15120.0,18289.29,8.38,high,2022-06-15,2022,6,30,Active
INV000320,U003,Fixed Deposit,7560.0,9018.28,7.72,high,2022-06-15,2022,6,30,Active
INV000321,U003,Mutual Fund SIP,7560.0,9933.75,12.99,high,2022-07-05,2022,7,29,Active
INV000322,U003,Mutual Fund SIP,7560.0,9663.61,11.93,high,2022-08-05,2022,8,28,Active
INV000323,U003,Mutual Fund SIP,7560.0,10095.99,14.91,high,2022-09-05,2022,9,27,Active
INV000324,U003,Stocks,30240.0,41674.8,16.81,high,2022-09-15,2022,9,27,Active
INV000325,U003,Gold ETF,15120.0,18553.0,10.09,high,2022-09-15,2022,9,27,Active
INV000326,U003,Fixed Deposit,7560.0,8893.17,7.84,high,2022-09-15,2022,9,27,Active
INV000327,U003,Mutual Fund SIP,7560.0,9513.33,11.93,high,2022-10-05,2022,10,26,Active
INV000328,U003,Mutual Fund SIP,7560.0,9414.76,11.78,high,2022-11-05,2022,11,25,Active
INV000329,U003,Mutual Fund SIP,7560.0,9604.94,13.52,high,2022-12-05,2022,12,24,Active
INV000330,U003,Stocks,30240.0,38263.39,13.27,high,2022-12-15,2022,12,24,Active
INV000331,U003,Gold ETF,15120.0,18258.17,10.38,high,2022-12-15,2022,12,24,Active
INV000332,U003,Fixed Deposit,7560.0,8647.54,7.19,high,2022-12-15,2022,12,24,Active
INV000333,U003,Mutual Fund SIP,7560.0,9708.4,14.83,high,2023-01-05,2023,1,23,Active
INV000334,U003,Mutual Fund SIP,7560.0,9385.23,13.17,high,2023-02-05,2023,2,22,Active
INV000335,U003,Mutual Fund SIP,7560.0,9352.91,13.55,high,2023-03-05,2023,3,21,Active
INV000336,U003,Stocks,30240.0,36709.01,12.22,high,2023-03-15,2023,3,21,Active
INV000337,U003,Gold ETF,15120.0,17728.9,9.86,high,2023-03-15,2023,3,21,Active
INV000338,U003,Fixed Deposit,7560.0,8600.0,7.86,high,2023-03-15,2023,3,21,Active
INV000339,U003,Mutual Fund SIP,7560.0,9208.67,13.08,high,2023-04-05,2023,4,20,Active
INV000340,U003,Mutual Fund SIP,7560.0,9339.05,14.86,high,2023-05-05,2023,5,19,Active
INV000341,U003,Mutual Fund SIP,7560.0,9061.33,13.24,high,2023-06-05,2023,6,18,Active
INV000342,U003,Stocks,30240.0,36989.1,14.88,high,2023-06-15,2023,6,18,Active
INV000343,U003,Gold ETF,15120.0,17620.41,11.02,high,2023-06-15,2023,6,18,Active
INV000344,U003,Fixed Deposit,7560.0,8435.49,7.72,high,2023-06-15,2023,6,18,Active
INV000345,U003,Mutual Fund SIP,7560.0,8956.3,13.04,high,2023-07-05,2023,7,17,Active
INV000346,U003,Mutual Fund SIP,7560.0,8897.5,13.27,high,2023-08-05,2023,8,16,Active
INV000347,U003,Mutual Fund SIP,7560.0,8569.84,10.69,high,2023-09-05,2023,9,15,Active
INV000348,U003,Stocks,30240.0,36161.85,15.67,high,2023-09-15,2023,9,15,Active
INV000349,U003,Gold ETF,15120.0,16682.89,8.27,high,2023-09-15,2023,9,15,Active
INV000350,U003,Fixed Deposit,7560.0,8298.73,7.82,high,2023-09-15,2023,9,15,Active
INV000351,U003,Mutual Fund SIP,7560.0,8839.12,14.5,high,2023-10-05,2023,10,14,Active
INV000352,U003,Mutual Fund SIP,7560.0,8505.05,11.54,high,2023-11-05,2023,11,13,Active
INV000353,U003,Mutual Fund SIP,7560.0,8388.32,10.96,high,2023-12-05,2023,12,12,Active
INV000354,U003,Stocks,30240.0,35562.15,17.6,high,2023-12-15,2023,12,12,Active
INV000355,U003,Gold ETF,15120.0,16503.25,9.15,high,2023-12-15,2023,12,12,Active
INV000356,U003,Fixed Deposit,7560.0,8024.44,6.14,high,2023-12-15,2023,12,12,Active
INV000357,U003,Mutual Fund SIP,7560.0,8459.2,12.98,high,2024-01-05,2024,1,11,Active
INV000358,U003,Mutual Fund SIP,7560.0,8300.46,11.75,high,2024-02-05,2024,2,10,Active
INV000359,U003,Mutual Fund SIP,7560.0,8170.79,10.77,high,2024-03-05,2024,3,9,Active
INV000360,U003,Stocks,30240.0,33841.35,15.88,high,2024-03-15,2024,3,9,Active
INV000361,U003,Gold ETF,15120.0,16272.46,10.16,high,2024-03-15,2024,3,9,Active
INV000362,U003,Fixed Deposit,7560.0,7938.81,6.68,high,2024-03-15,2024,3,9,Active
INV000363,U003,Mutual Fund SIP,7560.0,8089.78,10.51,high,2024-04-05,2024,4,8,Active
INV000364,U003,Mutual Fund SIP,7560.0,8025.2,10.55,high,2024-05-05,2024,5,7,Active
INV000365,U003,Mutual Fund SIP,7560.0,8009.33,11.89,high,2024-06-05,2024,6,6,Active
INV000366,U003,Stocks,30240.0,32422.2,14.43,high,2024-06-15,2024,6,6,Active
INV000367,U003,Gold ETF,15120.0,15756.84,8.42,high,2024-06-15,2024,6,6,Active
INV000368,U003,Fixed Deposit,7560.0,7843.91,7.51,high,2024-06-15,2024,6,6,Active
INV000369,U003,Mutual Fund SIP,7560.0,8025.12,14.77,high,2024-07-05,2024,7,5,Active
INV000370,U003,Mutual Fund SIP,7560.0,7860.17,11.91,high,2024-08-05,2024,8,4,Active
INV000371,U003,Mutual Fund SIP,7560.0,7811.57,13.31,high,2024-09-05,2024,9,3,Active
INV000372,U003,Stocks,30240.0,31268.75,13.61,high,2024-09-15,2024,9,3,Matured
INV000373,U003,Gold ETF,15120.0,15447.42,8.66,high,2024-09-15,2024,9,3,Matured
INV000374,U003,Fixed Deposit,7560.0,7683.61,6.54,high,2024-09-15,2024,9,3,Matured
INV000375,U003,Mutual Fund SIP,7560.0,7701.97,11.27,high,2024-10-05,2024,10,2,Active
INV000376,U003,Mutual Fund SIP,7560.0,7625.84,10.45,high,2024-11-05,2024,11,1,Active
INV000377,U003,Mutual Fund SIP,7560.0,7560.0,13.49,high,2024-12-05,2024,12,0,Active
INV000378,U003,Stocks,30240.0,30240.0,17.33,high,2024-12-15,2024,12,0,Matured
INV000379,U003,Gold ETF,15120.0,15120.0,9.23,high,2024-12-15,2024,12,0,Matured
INV000380,U003,Fixed Deposit,7560.0,7560.0,7.72,high,2024-12-15,2024,12,0,Matured
INV000381,U004,Mutual Fund SIP,4800.0,6987.97,9.27,medium,2020-01-05,2020,1,59,Active
INV000382,U004,PPF,1200.0,1649.91,7.63,medium,2020-01-05,2020,1,59,Active
INV000383,U004,Mutual Fund SIP,4800.0,6761.63,8.46,medium,2020-02-05,2020,2,58,Active
INV000384,U004,PPF,1200.0,1672.23,8.14,medium,2020-02-05,2020,2,58,Active
INV000385,U004,Mutual Fund SIP,4800.0,6876.85,9.11,medium,2020-03-05,2020,3,57,Active
INV000386,U004,PPF,1200.0,1686.04,8.53,medium,2020-03-05,2020,3,57,Active
INV000387,U004,Fixed Deposit,10800.0,14787.59,7.77,medium,2020-03-15,2020,3,57,Active
INV000388,U004,Stocks,7200.0,10972.51,11.03,medium,2020-03-15,2020,3,57,Active
INV000389,U004,Mutual Fund SIP,4800.0,7294.47,11.14,medium,2020-04-05,2020,4,56,Active
INV000390,U004,PPF,1200.0,1596.4,7.08,medium,2020-04-05,2020,4,56,Active
INV000391,U004,Mutual Fund SIP,4800.0,7199.73,10.91,medium,2020-05-05,2020,5,55,Active
INV000392,U004,PPF,1200.0,1594.15,7.17,medium,2020-05-05,2020,5,55,Active
INV000393,U004,Mutual Fund SIP,4800.0,7367.87,11.89,medium,2020-06-05,2020,6,54,Active
INV000394,U004,PPF,1200.0,1617.72,7.74,medium,2020-06-05,2020,6,54,Active
INV000395,U004,Fixed Deposit,10800.0,14596.88,7.81,medium,2020-06-15,2020,6,54,Active
INV000396,U004,Stocks,7200.0,10723.87,10.88,medium,2020-06-15,2020,6,54,Active
INV000397,U004,Mutual Fund SIP,4800.0,7014.89,10.45,medium,2020-07-05,2020,7,53,Active
INV000398,U004,PPF,1200.0,1578.32,7.14,medium,2020-07-05,2020,7,53,Active
INV000399,U004,Mutual Fund SIP,4800.0,6832.73,9.77,medium,2020-08-05,2020,8,52,Active
INV000400,U004,PPF,1200.0,1564.81,7.02,medium,2020-08-05,2020,8,52,Active
INV000401,U004,Mutual Fund SIP,4800.0,6839.87,10.0,medium,2020-09-05,2020,9,51,Active
INV000402,U004,PPF,1200.0,1565.7,7.17,medium,2020-09-05,2020,9,51,Active
INV000403,U004,Fixed Deposit,10800.0,13738.75,6.4,medium,2020-09-15,2020,9,51,Active
INV000404,U004,Stocks,7200.0,9986.37,9.11,medium,2020-09-15,2020,9,51,Active
INV000405,U004,Mutual Fund SIP,4800.0,7073.41,11.37,medium,2020-10-05,2020,10,50,Active
INV000406,U004,PPF,1200.0,1595.8,7.92,medium,2020-10-05,2020,10,50,Active
INV000407,U004,Mutual Fund SIP,4800.0,6721.38,9.8,medium,2020-11-05,2020,11,49,Active
INV000408,U004,PPF,1200.0,1589.66,7.95,medium,2020-11-05,2020,11,49,Active
INV000409,U004,Mutual Fund SIP,4800.0,6613.27,9.44,medium,2020-12-05,2020,12,48,Active
INV000410,U004,PPF,1200.0,1545.71,7.2,medium,2020-12-05,2020,12,48,Active
INV000411,U004,Fixed Deposit,10800.0,13950.58,7.29,medium,2020-12-15,2020,12,48,Active
INV000412,U004,Stocks,7200.0,10526.33,11.55,medium,2020-12-15,2020,12,48,Active
INV000413,U004,Mutual Fund SIP,4800.0,6845.23,10.88,medium,2021-01-05,2021,1,47,Active
INV000414,U004,PPF,1200.0,1611.33,8.75,medium,2021-01-05,2021,1,47,Active
INV000415,U004,Mutual Fund SIP,4800.0,6516.44,9.33,medium,2021-02-05,2021,2,46,Active
INV000416,U004,PPF,1200.0,1566.55,7.97,medium,2021-02-05,2021,2,46,Active
INV000417,U004,Mutual Fund SIP,4800.0,6371.03,8.73,medium,2021-03-05,2021,3,45,Active
INV000418,U004,PPF,1200.0,1593.85,8.75,medium,2021-03-05,2021,3,45,Active
INV000419,U004,Fixed Deposit,10800.0,13383.97,6.38,medium,2021-03-15,2021,3,45,Active
INV000420,U004,Stocks,7200.0,9530.48,8.63,medium,2021-03-15,2021,3,45,Active
INV000421,U004,Mutual Fund SIP,4800.0,6615.13,10.31,medium,2021-04-05,2021,4,44,Active
INV000422,U004,PPF,1200.0,1564.58,8.29,medium,2021-04-05,2021,4,44,Active
INV000423,U004,Mutual Fund SIP,4800.0,6294.28,8.69,medium,2021-05-05,2021,5,43,Active
INV000424,U004,PPF,1200.0,1559.79,8.37,medium,2021-05-05,2021,5,43,Active
INV000425,U004,Mutual Fund SIP,4800.0,6558.92,10.47,medium,2021-06-05,2021,6,42,Active
INV000426,U004,PPF,1200.0,1541.75,8.14,medium,2021-06-05,2021,6,42,Active
INV000427,U004,Fixed Deposit,10800.0,13071.17,6.01,medium,2021-06-15,2021,6,42,Active
INV000428,U004,Stocks,7200.0,9909.54,10.75,medium,2021-06-15,2021,6,42,Active
INV000429,U004,Mutual Fund SIP,4800.0,6257.95,8.89,medium,2021-07-05,2021,7,41,Active
INV000430,U004,PPF,1200.0,1512.31,7.62,medium,2021-07-05,2021,7,41,Active
INV000431,U004,Mutual Fund SIP,4800.0,6673.04,11.71,medium,2021-08-05,2021,8,40,Active
INV000432,U004,PPF,1200.0,1509.99,7.75,medium,2021-08-05,2021,8,40,Active
INV000433,U004,Mutual Fund SIP,4800.0,6583.18,11.43,medium,2021-09-05,2021,9,39,Active
INV000434,U004,PPF,1200.0,1521.82,8.25,medium,2021-09-05,2021,9,39,Active
INV000435,U004,Fixed Deposit,10800.0,13202.54,6.84,medium,2021-09-15,2021,9,39,Active
INV000436,U004,Stocks,7200.0,9215.0,8.61,medium,2021-09-15,2021,9,39,Active
INV000437,U004,Mutual Fund SIP,4800.0,6542.38,11.46,medium,2021-10-05,2021,10,38,Active
INV000438,U004,PPF,1200.0,1534.89,8.81,medium,2021-10-05,2021,10,38,Active
INV000439,U004,Mutual Fund SIP,4800.0,6296.42,10.11,medium,2021-11-05,2021,11,37,Active
INV000440,U004,PPF,1200.0,1490.25,7.84,medium,2021-11-05,2021,11,37,Active
INV000441,U004,Mutual Fund SIP,4800.0,6156.42,9.42,medium,2021-12-05,2021,12,36,Active
INV000442,U004,PPF,1200.0,1487.67,7.99,medium,2021-12-05,2021,12,36,Active
INV000443,U004,Fixed Deposit,10800.0,13254.34,7.58,medium,2021-12-15,2021,12,36,Active
INV000444,U004,Stocks,7200.0,9221.47,9.36,medium,2021-12-15,2021,12,36,Active
INV000445,U004,Mutual Fund SIP,4800.0,6169.22,9.78,medium,2022-01-05,2022,1,35,Active
INV000446,U004,PPF,1200.0,1490.68,8.31,medium,2022-01-05,2022,1,35,Active
INV000447,U004,Mutual Fund SIP,4800.0,6280.09,10.88,medium,2022-02-05,2022,2,34,Active
INV000448,U004,PPF,1200.0,1468.8,7.91,medium,2022-02-05,2022,2,34,Active
INV000449,U004,Mutual Fund SIP,4800.0,6134.44,10.11,medium,2022-03-05,2022,3,33,Active
INV000450,U004,PPF,1200.0,1451.23,7.61,medium,2022-03-05,2022,3,33,Active
INV000451,U004,Fixed Deposit,10800.0,12637.39,6.19,medium,2022-03-15,2022,3,33,Active
INV000452,U004,Stocks,7200.0,9206.64,10.13,medium,2022-03-15,2022,3,33,Active
INV000453,U004,Mutual Fund SIP,4800.0,6170.88,10.71,medium,2022-04-05,2022,4,32,Active
INV000454,U004,PPF,1200.0,1445.69,7.68,medium,2022-04-05,2022,4,32,Active
INV000455,U004,Mutual Fund SIP,4800.0,6213.84,11.4,medium,2022-05-05,2022,5,31,Active
INV000456,U004,PPF,1200.0,1460.67,8.41,medium,2022-05-05,2022,5,31,Active
INV000457,U004,Mutual Fund SIP,4800.0,5893.14,9.11,medium,2022-06-05,2022,6,30,Active
INV000458,U004,PPF,1200.0,1421.96,7.4,medium,2022-06-05,2022,6,30,Active
INV000459,U004,Fixed Deposit,10800.0,12949.01,7.96,medium,2022-06-15,2022,6,30,Active
INV000460,U004,Stocks,7200.0,8935.44,9.64,medium,2022-06-15,2022,6,30,Active
INV000461,U004,Mutual Fund SIP,4800.0,5790.47,8.54,medium,2022-07-05,2022,7,29,Active
INV000462,U004,PPF,1200.0,1411.2,7.28,medium,2022-07-05,2022,7,29,Active
INV000463,U004,Mutual Fund SIP,4800.0,5725.92,8.27,medium,2022-08-05,2022,8,28,Active
INV000464,U004,PPF,1200.0,1403.96,7.28,medium,2022-08-05,2022,8,28,Active
INV000465,U004,Mutual Fund SIP,4800.0,6047.02,11.55,medium,2022-09-05,2022,9,27,Active
INV000466,U004,PPF,1200.0,1411.95,7.85,medium,2022-09-05,2022,9,27,Active
INV000467,U004,Fixed Deposit,10800.0,12726.38,7.93,medium,2022-09-15,2022,9,27,Active
INV000468,U004,Stocks,7200.0,8626.1,8.8,medium,2022-09-15,2022,9,27,Active
INV000469,U004,Mutual Fund SIP,4800.0,5933.31,10.9,medium,2022-10-05,2022,10,26,Active
INV000470,U004,PPF,1200.0,1417.56,8.37,medium,2022-10-05,2022,10,26,Active
INV000471,U004,Mutual Fund SIP,4800.0,5814.49,10.14,medium,2022-11-05,2022,11,25,Active
INV000472,U004,PPF,1200.0,1415.22,8.61,medium,2022-11-05,2022,11,25,Active
INV000473,U004,Mutual Fund SIP,4800.0,5724.76,9.63,medium,2022-12-05,2022,12,24,Active
INV000474,U004,PPF,1200.0,1371.49,7.15,medium,2022-12-05,2022,12,24,Active
INV000475,U004,Fixed Deposit,10800.0,12183.39,6.4,medium,2022-12-15,2022,12,24,Active
INV000476,U004,Stocks,7200.0,8766.5,10.88,medium,2022-12-15,2022,12,24,Active
INV000477,U004,Mutual Fund SIP,4800.0,5835.51,11.26,medium,2023-01-05,2023,1,23,Active
INV000478,U004,PPF,1200.0,1381.09,7.87,medium,2023-01-05,2023,1,23,Active
INV000479,U004,Mutual Fund SIP,4800.0,5685.95,10.07,medium,2023-02-05,2023,2,22,Active
INV000480,U004,PPF,1200.0,1363.27,7.42,medium,2023-02-05,2023,2,22,Active
INV000481,U004,Mutual Fund SIP,4800.0,5633.82,9.93,medium,2023-03-05,2023,3,21,Active
INV000482,U004,PPF,1200.0,1364.47,7.83,medium,2023-03-05,2023,3,21,Active
INV000483,U004,Fixed Deposit,10800.0,12045.14,6.59,medium,2023-03-15,2023,3,21,Active
INV000484,U004,Stocks,7200.0,8313.43,8.84,medium,2023-03-15,2023,3,21,Active
INV000485,U004,Mutual Fund SIP,4800.0,5456.84,8.21,medium,2023-04-05,2023,4,20,Active
INV000486,U004,PPF,1200.0,1371.51,8.58,medium,2023-04-05,2023,4,20,Active
INV000487,U004,Mutual Fund SIP,4800.0,5643.92,11.1,medium,2023-05-05,2023,5,19,Active
INV000488,U004,PPF,1200.0,1346.87,7.73,medium,2023-05-05,2023,5,19,Active
INV000489,U004,Mutual Fund SIP,4800.0,5545.86,10.36,medium,2023-06-05,2023,6,18,Active
INV000490,U004,PPF,1200.0,1352.13,8.45,medium,2023-06-05,2023,6,18,Active
INV000491,U004,Fixed Deposit,10800.0,12057.93,7.76,medium,2023-06-15,2023,6,18,Active
INV000492,U004,Stocks,7200.0,8246.77,9.69,medium,2023-06-15,2023,6,18,Active
INV000493,U004,Mutual Fund SIP,4800.0,5356.39,8.18,medium,2023-07-05,2023,7,17,Active
INV000494,U004,PPF,1200.0,1339.28,8.19,medium,2023-07-05,2023,7,17,Active
INV000495,U004,Mutual Fund SIP,4800.0,5368.25,8.88,medium,2023-08-05,2023,8,16,Active
INV000496,U004,PPF,1200.0,1336.15,8.51,medium,2023-08-05,2023,8,16,Active
INV000497,U004,Mutual Fund SIP,4800.0,5395.38,9.92,medium,2023-09-05,2023,9,15,Active
INV000498,U004,PPF,1200.0,1325.34,8.36,medium,2023-09-05,2023,9,15,Active
INV000499,U004,Fixed Deposit,10800.0,11738.27,6.95,medium,2023-09-15,2023,9,15,Active
INV000500,U004,Stocks,7200.0,8104.86,10.05,medium,2023-09-15,2023,9,15,Active
INV000501,U004,Mutual Fund SIP,4800.0,5306.93,9.05,medium,2023-10-05,2023,10,14,Active
INV000502,U004,PPF,1200.0,1299.01,7.07,medium,2023-10-05,2023,10,14,Active
INV000503,U004,Mutual Fund SIP,4800.0,5356.44,10.7,medium,2023-11-05,2023,11,13,Active
INV000504,U004,PPF,1200.0,1298.01,7.54,medium,2023-11-05,2023,11,13,Active
INV000505,U004,Mutual Fund SIP,4800.0,5310.93,10.64,medium,2023-12-05,2023,12,12,Active
INV000506,U004,PPF,1200.0,1293.17,7.76,medium,2023-12-05,2023,12,12,Active
INV000507,U004,Fixed Deposit,10800.0,11507.13,6.55,medium,2023-12-15,2023,12,12,Active
INV000508,U004,Stocks,7200.0,7934.65,10.2,medium,2023-12-15,2023,12,12,Active
INV000509,U004,Mutual Fund SIP,4800.0,5240.95,10.02,medium,2024-01-05,2024,1,11,Active
INV000510,U004,PPF,1200.0,1295.26,8.66,medium,2024-01-05,2024,1,11,Active
INV000511,U004,Mutual Fund SIP,4800.0,5196.98,9.92,medium,2024-02-05,2024,2,10,Active
INV000512,U004,PPF,1200.0,1278.55,7.85,medium,2024-02-05,2024,2,10,Active
INV000513,U004,Mutual Fund SIP,4800.0,5217.0,11.58,medium,2024-03-05,2024,3,9,Active
INV000514,U004,PPF,1200.0,1279.41,8.82,medium,2024-03-05,2024,3,9,Active
INV000515,U004,Fixed Deposit,10800.0,11308.04,6.27,medium,2024-03-15,2024,3,9,Active
INV000516,U004,Stocks,7200.0,7830.35,11.67,medium,2024-03-15,2024,3,9,Active
INV000517,U004,Mutual Fund SIP,4800.0,5104.21,9.51,medium,2024-04-05,2024,4,8,Active
INV000518,U004,PPF,1200.0,1269.21,8.65,medium,2024-04-05,2024,4,8,Active
INV000519,U004,Mutual Fund SIP,4800.0,5096.53,10.59,medium,2024-05-05,2024,5,7,Active
INV000520,U004,PPF,1200.0,1253.8,7.69,medium,2024-05-05,2024,5,7,Active
INV000521,U004,Mutual Fund SIP,4800.0,5000.54,8.36,medium,2024-06-05,2024,6,6,Active
INV000522,U004,PPF,1200.0,1245.27,7.55,medium,2024-06-05,2024,6,6,Active
INV000523,U004,Fixed Deposit,10800.0,11124.25,6.0,medium,2024-06-15,2024,6,6,Active
INV000524,U004,Stocks,7200.0,7612.99,11.47,medium,2024-06-15,2024,6,6,Active
INV000525,U004,Mutual Fund SIP,4800.0,5004.18,10.21,medium,2024-07-05,2024,7,5,Active
INV000526,U004,PPF,1200.0,1238.63,7.73,medium,2024-07-05,2024,7,5,Active
INV000527,U004,Mutual Fund SIP,4800.0,4986.02,11.63,medium,2024-08-05,2024,8,4,Active
INV000528,U004,PPF,1200.0,1235.49,8.87,medium,2024-08-05,2024,8,4,Active
INV000529,U004,Mutual Fund SIP,4800.0,4921.18,10.1,medium,2024-09-05,2024,9,3,Active
INV000530,U004,PPF,1200.0,1222.55,7.52,medium,2024-09-05,2024,9,3,Active
INV000531,U004,Fixed Deposit,10800.0,11014.81,7.96,medium,2024-09-15,2024,9,3,Matured
INV000532,U004,Stocks,7200.0,7396.2,10.9,medium,2024-09-15,2024,9,3,Matured
INV000533,U004,Mutual Fund SIP,4800.0,4889.06,11.13,medium,2024-10-05,2024,10,2,Active
INV000534,U004,PPF,1200.0,1217.93,8.96,medium,2024-10-05,2024,10,2,Active
INV000535,U004,Mutual Fund SIP,4800.0,4837.88,9.47,medium,2024-11-05,2024,11,1,Active
INV000536,U004,PPF,1200.0,1207.9,7.9,medium,2024-11-05,2024,11,1,Active
INV000537,U004,Mutual Fund SIP,4800.0,4800.0,9.55,medium,2024-12-05,2024,12,0,Active
INV000538,U004,PPF,1200.0,1200.0,8.24,medium,2024-12-05,2024,12,0,Active
INV000539,U004,Fixed Deposit,10800.0,10800.0,7.9,medium,2024-12-15,2024,12,0,Matured
INV000540,U004,Stocks,7200.0,7200.0,10.57,medium,2024-12-15,2024,12,0,Matured
INV000541,U005,Mutual Fund SIP,7650.0,12734.58,13.52,high,2020-01-05,2020,1,59,Active
INV000542,U005,Mutual Fund SIP,7650.0,11541.88,10.53,high,2020-02-05,2020,2,58,Active
INV000543,U005,Mutual Fund SIP,7650.0,11317.86,10.09,high,2020-03-05,2020,3,57,Active
INV000544,U005,Stocks,30600.0,51390.42,14.3,high,2020-03-15,2020,3,57,Active
INV000545,U005,Gold ETF,15300.0,22494.31,9.9,high,2020-03-15,2020,3,57,Active
INV000546,U005,Fixed Deposit,7650.0,9956.59,6.35,high,2020-03-15,2020,3,57,Active
INV000547,U005,Mutual Fund SIP,7650.0,11863.67,11.8,high,2020-04-05,2020,4,56,Active
INV000548,U005,Mutual Fund SIP,7650.0,12721.85,14.47,high,2020-05-05,2020,5,55,Active
INV000549,U005,Mutual Fund SIP,7650.0,11547.26,11.32,high,2020-06-05,2020,6,54,Active
INV000550,U005,Stocks,30600.0,48877.71,13.27,high,2020-06-15,2020,6,54,Active
INV000551,U005,Gold ETF,15300.0,22597.67,10.6,high,2020-06-15,2020,6,54,Active
INV000552,U005,Fixed Deposit,7650.0,10189.87,7.38,high,2020-06-15,2020,6,54,Active
INV000553,U005,Mutual Fund SIP,7650.0,12290.29,13.73,high,2020-07-05,2020,7,53,Active
INV000554,U005,Mutual Fund SIP,7650.0,11272.9,10.93,high,2020-08-05,2020,8,52,Active
INV000555,U005,Mutual Fund SIP,7650.0,11996.93,13.37,high,2020-09-05,2020,9,51,Active
INV000556,U005,Stocks,30600.0,48628.65,13.86,high,2020-09-15,2020,9,51,Active
INV000557,U005,Gold ETF,15300.0,22826.94,11.58,high,2020-09-15,2020,9,51,Active
INV000558,U005,Fixed Deposit,7650.0,9961.17,7.11,high,2020-09-15,2020,9,51,Active
INV000559,U005,Mutual Fund SIP,7650.0,11029.15,10.6,high,2020-10-05,2020,10,50,Active
INV000560,U005,Mutual Fund SIP,7650.0,12082.12,14.19,high,2020-11-05,2020,11,49,Active
INV000561,U005,Mutual Fund SIP,7650.0,10729.13,10.06,high,2020-12-05,2020,12,48,Active
INV000562,U005,Stocks,30600.0,50147.9,15.97,high,2020-12-15,2020,12,48,Active
INV000563,U005,Gold ETF,15300.0,22166.42,11.22,high,2020-12-15,2020,12,48,Active
INV000564,U005,Fixed Deposit,7650.0,9512.94,6.09,high,2020-12-15,2020,12,48,Active
INV000565,U005,Mutual Fund SIP,7650.0,11828.32,13.95,high,2021-01-05,2021,1,47,Active
INV000566,U005,Mutual Fund SIP,7650.0,11903.22,14.5,high,2021-02-05,2021,2,46,Active
INV000567,U005,Mutual Fund SIP,7650.0,11395.02,13.05,high,2021-03-05,2021,3,45,Active
INV000568,U005,Stocks,30600.0,47303.4,14.56,high,2021-03-15,2021,3,45,Active
INV000569,U005,Gold ETF,15300.0,21743.78,11.23,high,2021-03-15,2021,3,45,Active
INV000570,U005,Fixed Deposit,7650.0,9445.02,6.26,high,2021-03-15,2021,3,45,Active
INV000571,U005,Mutual Fund SIP,7650.0,10734.55,11.0,high,2021-04-05,2021,4,44,Active
INV000572,U005,Mutual Fund SIP,7650.0,11264.88,13.19,high,2021-05-05,2021,5,43,Active
INV000573,U005,Mutual Fund SIP,7650.0,10529.47,10.75,high,2021-06-05,2021,6,42,Active
INV000574,U005,Stocks,30600.0,47589.34,15.86,high,2021-06-15,2021,6,42,Active
INV000575,U005,Gold ETF,15300.0,20215.32,9.18,high,2021-06-15,2021,6,42,Active
INV000576,U005,Fixed Deposit,7650.0,9718.98,7.73,high,2021-06-15,2021,6,42,Active
INV000577,U005,Mutual Fund SIP,7650.0,11046.06,12.99,high,2021-07-05,2021,7,41,Active
INV000578,U005,Mutual Fund SIP,7650.0,10694.78,11.94,high,2021-08-05,2021,8,40,Active
INV000579,U005,Mutual Fund SIP,7650.0,10463.62,11.32,high,2021-09-05,2021,9,39,Active
INV000580,U005,Stocks,30600.0,45972.09,15.46,high,2021-09-15,2021,9,39,Active
INV000581,U005,Gold ETF,15300.0,20123.01,9.7,high,2021-09-15,2021,9,39,Active
INV000582,U005,Fixed Deposit,7650.0,9274.88,6.54,high,2021-09-15,2021,9,39,Active
INV000583,U005,Mutual Fund SIP,7650.0,10171.9,10.41,high,2021-10-05,2021,10,38,Active
INV000584,U005,Mutual Fund SIP,7650.0,11057.78,14.45,high,2021-11-05,2021,11,37,Active
INV000585,U005,Mutual Fund SIP,7650.0,10450.57,12.2,high,2021-12-05,2021,12,36,Active
INV000586,U005,Stocks,30600.0,42464.21,12.92,high,2021-12-15,2021,12,36,Active
INV000587,U005,Gold ETF,15300.0,19604.95,9.38,high,2021-12-15,2021,12,36,Active
INV000588,U005,Fixed Deposit,7650.0,9485.41,8.0,high,2021-12-15,2021,12,36,Active
INV000589,U005,Mutual Fund SIP,7650.0,10508.19,12.81,high,2022-01-05,2022,1,35,Active
INV000590,U005,Mutual Fund SIP,7650.0,10894.27,14.97,high,2022-02-05,2022,2,34,Active
INV000591,U005,Mutual Fund SIP,7650.0,9968.23,11.02,high,2022-03-05,2022,3,33,Active
INV000592,U005,Stocks,30600.0,42266.42,13.86,high,2022-03-15,2022,3,33,Active
INV000593,U005,Gold ETF,15300.0,19161.44,9.18,high,2022-03-15,2022,3,33,Active
INV000594,U005,Fixed Deposit,7650.0,9170.52,7.23,high,2022-03-15,2022,3,33,Active
INV000595,U005,Mutual Fund SIP,7650.0,10327.49,13.12,high,2022-04-05,2022,4,32,Active
INV000596,U005,Mutual Fund SIP,7650.0,9825.12,11.01,high,2022-05-05,2022,5,31,Active
INV000597,U005,Mutual Fund SIP,7650.0,10155.26,13.1,high,2022-06-05,2022,6,30,Active
INV000598,U005,Stocks,30600.0,42563.32,15.64,high,2022-06-15,2022,6,30,Active
INV000599,U005,Gold ETF,15300.0,19402.49,10.73,high,2022-06-15,2022,6,30,Active
INV000600,U005,Fixed Deposit,7650.0,9128.83,7.73,high,2022-06-15,2022,6,30,Active
INV000601,U005,Mutual Fund SIP,7650.0,10387.18,14.81,high,2022-07-05,2022,7,29,Active
INV000602,U005,Mutual Fund SIP,7650.0,9882.44,12.51,high,2022-08-05,2022,8,28,Active
INV000603,U005,Mutual Fund SIP,7650.0,9647.28,11.6,high,2022-09-05,2022,9,27,Active
INV000604,U005,Stocks,30600.0,40446.82,14.3,high,2022-09-15,2022,9,27,Active
INV000605,U005,Gold ETF,15300.0,18079.48,8.07,high,2022-09-15,2022,9,27,Active
INV000606,U005,Fixed Deposit,7650.0,8775.52,6.54,high,2022-09-15,2022,9,27,Active
INV000607,U005,Mutual Fund SIP,7650.0,9849.95,13.27,high,2022-10-05,2022,10,26,Active
INV000608,U005,Mutual Fund SIP,7650.0,9439.13,11.23,high,2022-11-05,2022,11,25,Active
INV000609,U005,Mutual Fund SIP,7650.0,9931.56,14.91,high,2022-12-05,2022,12,24,Active
INV000610,U005,Stocks,30600.0,40951.58,16.91,high,2022-12-15,2022,12,24,Active
INV000611,U005,Gold ETF,15300.0,18867.88,11.66,high,2022-12-15,2022,12,24,Active
INV000612,U005,Fixed Deposit,7650.0,8662.58,6.62,high,2022-12-15,2022,12,24,Active
INV000613,U005,Mutual Fund SIP,7650.0,9766.61,14.44,high,2023-01-05,2023,1,23,Active
INV000614,U005,Mutual Fund SIP,7650.0,9741.5,14.91,high,2023-02-05,2023,2,22,Active
INV000615,U005,Mutual Fund SIP,7650.0,9652.7,14.96,high,2023-03-05,2023,3,21,Active
INV000616,U005,Stocks,30600.0,38652.15,15.04,high,2023-03-15,2023,3,21,Active
INV000617,U005,Gold ETF,15300.0,18512.53,12.0,high,2023-03-15,2023,3,21,Active
INV000618,U005,Fixed Deposit,7650.0,8573.91,6.9,high,2023-03-15,2023,3,21,Active
INV000619,U005,Mutual Fund SIP,7650.0,8975.45,10.4,high,2023-04-05,2023,4,20,Active
INV000620,U005,Mutual Fund SIP,7650.0,9034.9,11.43,high,2023-05-05,2023,5,19,Active
INV000621,U005,Mutual Fund SIP,7650.0,9265.2,14.08,high,2023-06-05,2023,6,18,Active
INV000622,U005,Stocks,30600.0,37315.09,14.63,high,2023-06-15,2023,6,18,Active
INV000623,U005,Gold ETF,15300.0,17814.9,10.96,high,2023-06-15,2023,6,18,Active
INV000624,U005,Fixed Deposit,7650.0,8522.65,7.6,high,2023-06-15,2023,6,18,Active
INV000625,U005,Mutual Fund SIP,7650.0,8788.08,10.5,high,2023-07-05,2023,7,17,Active
INV000626,U005,Mutual Fund SIP,7650.0,8736.94,10.66,high,2023-08-05,2023,8,16,Active
INV000627,U005,Mutual Fund SIP,7650.0,8873.06,12.79,high,2023-09-05,2023,9,15,Active
INV000628,U005,Stocks,30600.0,37368.96,17.7,high,2023-09-15,2023,9,15,Active
INV000629,U005,Gold ETF,15300.0,16842.6,8.07,high,2023-09-15,2023,9,15,Active
INV000630,U005,Fixed Deposit,7650.0,8341.61,7.23,high,2023-09-15,2023,9,15,Active
INV000631,U005,Mutual Fund SIP,7650.0,8675.55,11.49,high,2023-10-05,2023,10,14,Active
INV000632,U005,Mutual Fund SIP,7650.0,8635.36,11.89,high,2023-11-05,2023,11,13,Active
INV000633,U005,Mutual Fund SIP,7650.0,8777.74,14.74,high,2023-12-05,2023,12,12,Active
INV000634,U005,Stocks,30600.0,35482.44,15.96,high,2023-12-15,2023,12,12,Active
INV000635,U005,Gold ETF,15300.0,16903.9,10.48,high,2023-12-15,2023,12,12,Active
INV000636,U005,Fixed Deposit,7650.0,8151.94,6.56,high,2023-12-15,2023,12,12,Active
INV000637,U005,Mutual Fund SIP,7650.0,8687.77,14.8,high,2024-01-05,2024,1,11,Active
INV000638,U005,Mutual Fund SIP,7650.0,8515.3,13.57,high,2024-02-05,2024,2,10,Active
INV000639,U005,Mutual Fund SIP,7650.0,8243.07,10.34,high,2024-03-05,2024,3,9,Active
INV000640,U005,Stocks,30600.0,33405.03,12.22,high,2024-03-15,2024,3,9,Active
INV000641,U005,Gold ETF,15300.0,16306.77,8.77,high,2024-03-15,2024,3,9,Active
INV000642,U005,Fixed Deposit,7650.0,8000.69,6.11,high,2024-03-15,2024,3,9,Active
INV000643,U005,Mutual Fund SIP,7650.0,8166.62,10.13,high,2024-04-05,2024,4,8,Active
INV000644,U005,Mutual Fund SIP,7650.0,8219.1,12.75,high,2024-05-05,2024,5,7,Active
INV000645,U005,Mutual Fund SIP,7650.0,8058.65,10.68,high,2024-06-05,2024,6,6,Active
INV000646,U005,Stocks,30600.0,33340.09,17.91,high,2024-06-15,2024,6,6,Active
INV000647,U005,Gold ETF,15300.0,16063.29,9.98,high,2024-06-15,2024,6,6,Active
INV000648,U005,Fixed Deposit,7650.0,7954.16,7.95,high,2024-06-15,2024,6,6,Active
INV000649,U005,Mutual Fund SIP,7650.0,8025.23,11.77,high,2024-07-05,2024,7,5,Active
INV000650,U005,Mutual Fund SIP,7650.0,7970.62,12.57,high,2024-08-05,2024,8,4,Active
INV000651,U005,Mutual Fund SIP,7650.0,7920.34,14.14,high,2024-09-05,2024,9,3,Active
INV000652,U005,Stocks,30600.0,31686.25,14.2,high,2024-09-15,2024,9,3,Matured
INV000653,U005,Gold ETF,15300.0,15663.26,9.5,high,2024-09-15,2024,9,3,Matured
INV000654,U005,Fixed Deposit,7650.0,7790.81,7.36,high,2024-09-15,2024,9,3,Matured
INV000655,U005,Mutual Fund SIP,7650.0,7777.53,10.0,high,2024-10-05,2024,10,2,Active
INV000656,U005,Mutual Fund SIP,7650.0,7725.6,11.86,high,2024-11-05,2024,11,1,Active
INV000657,U005,Mutual Fund SIP,7650.0,7650.0,10.04,high,2024-12-05,2024,12,0,Active
INV000658,U005,Stocks,30600.0,30600.0,15.22,high,2024-12-15,2024,12,0,Matured
INV000659,U005,Gold ETF,15300.0,15300.0,9.21,high,2024-12-15,2024,12,0,Matured
INV000660,U005,Fixed Deposit,7650.0,7650.0,6.73,high,2024-12-15,2024,12,0,Matured
